feature_1,feature_2,feature_3,target
-1.3103328337220408,0.30656900106867685,8,0
-1.66614226739998,0.9534694088386207,8,0
-0.7831580803068076,0.13300305812708918,5,0
1.1116642870406537,-0.9030384416348698,2,1
0.4337679386978825,1.0219142796229375,4,1
-1.8348368257872993,0.16794591717372384,1,0
-2.3397416572615355,-0.3637829718259607,3,0
0.20402558071219454,-0.44506728372557625,8,0
-2.270881421153195,-0.5899915884711017,2,0
-0.861012380199931,-0.9876547686409088,9,0
0.41241320623088285,-2.0616274611542695,7,0
-0.45310724005899394,0.30006709504289114,4,0
-0.5732584861098879,-0.19055413037922292,1,0
-0.18931146670751767,0.6326966494550058,4,1
-0.7480304482478096,-0.9199110784664164,1,0
0.30571857818523973,-0.22561357668538137,5,1
0.48154972826452325,-2.157840097783553,0,0
-1.0062201935728836,0.5258789755314556,1,0
-0.9622807003343931,0.6426556469894502,3,0
-0.3552514005125286,-1.1555124869872788,4,0
-1.5438388861081245,-3.4983977592219615,6,0
-0.1987946140569683,-0.4171793849265472,0,0
-0.6498807368471182,0.1713559584201747,5,0
0.49419011043579025,-1.3227522532330618,5,0
0.5741696881246194,0.805425078991919,4,1
1.4733131945737907,-0.3270191580756328,5,1
0.26084323069141446,1.8815493766345273,3,1
0.22026659872159687,-1.494986667479926,2,0
-0.9339462889979379,-0.6983413583301148,9,0
2.078558392316578,-0.2734420029036766,2,1
1.183946108624614,-0.42250788313205934,2,1
1.005873114070711,1.0493508612506874,6,1
1.6678861222333037,1.2482261384715083,6,1
-2.0892275546631565,0.8071757973917502,7,0
0.3899120372989401,-0.26382956853579775,3,1
-0.003771373963921585,0.3354828256727038,9,1
0.04964619911501165,1.3461982818409397,1,1
-1.4771511436520182,1.0471616175250975,4,0
-1.1444518392081287,0.5274385007174822,3,0
-1.2757539244176128,-1.6047802797925839,6,0
1.5423129111798386,0.5716868285936453,7,1
-1.7197150487838606,1.0731946332285358,5,0
-0.7280981597944125,-1.2764440603773537,5,0
-1.8464660831684307,-0.7152984673749956,3,0
-0.5866700990035735,-0.18397150471138995,2,0
-1.7156275245346007,-0.86572386192424,5,0
-0.20365528773569777,0.06193002272991289,2,0
-1.4570010399298858,-0.07812898352155834,5,0
-0.5592191724649284,1.4504737707643394,2,1
-1.2304744038068425,-0.3067703159013883,9,0
0.990506088505039,-1.0762128635712784,5,0
0.4427826987558719,-0.3971326954332419,2,1
1.7515869965076611,0.1704655378591408,1,1
-0.27204586690991994,-0.7770261724487506,0,0
0.029413882406831748,-0.9367346558242526,2,0
1.3961775301660846,-0.3089302489985778,8,1
-0.3192935908434646,-0.5156166481291894,9,0
0.11620315664442615,1.6120119634774306,4,1
-0.6526619075354355,1.162040462720411,9,1
-0.6835294950953609,2.2366510782753752,1,1
0.08708342025982332,-0.19128806573932627,9,0
-0.025613206501672918,-1.001694043249675,8,0
0.09095028258849303,0.07395592327451156,8,1
-0.8619354233141929,-0.7977629124632869,9,0
-1.2966503598510617,-0.31958318047675277,7,0
-0.26765905931994244,0.7794519748896003,7,1
0.9408005930015721,-1.5632885335805395,1,0
0.2545971626444474,-0.5219709980154146,8,0
0.7538257402260153,-0.8825629810162473,7,0
0.13605433845214077,1.2417148821601174,9,1
-0.13975869470473418,-1.2782970250382042,6,0
-0.3987002016715427,1.611173316512287,2,1
1.5284126564937879,1.4059110195685462,5,1
-0.1143240590481883,-0.4088677989856147,8,0
0.5201025602988348,-1.5848123666335665,7,0
1.172554215348789,-0.6595146561745074,1,1
-0.681194867517112,1.285156391304952,2,1
2.0200955181557414,1.1505679943000144,4,1
-0.0179156733107955,-2.0556473397816446,0,0
1.1310314267841115,-0.637474234316629,1,1
1.6801549196150884,-0.6010812090963242,6,1
0.7400407127809283,-0.40043982377819876,6,1
0.7210358816444871,-0.645982907755852,0,1
0.2518867045329925,1.189845559650862,6,1
-0.15393619668298894,0.599946596868277,7,1
-0.1399217130835133,-0.5322288207861167,6,0
-1.324597175137765,1.1802744125055715,1,0
0.4567349797571542,0.2340603850763435,2,1
-0.2125354011715616,1.0819005765280607,9,1
-0.6824995610788791,3.1314060608188385,3,1
0.1516381167004027,-0.23895665751283138,6,0
-0.7303715815035581,-0.9199697281220776,5,0
0.3277847181505196,-0.2983469877387663,8,1
-1.1679656174947284,0.038811937469148274,7,0
0.5220010323196613,-0.5614130962090464,5,0
0.635664883271188,0.8653880931382878,1,1
1.0716151814471233,-1.3029423573466234,3,0
0.06365719082310822,-0.2719714627575655,4,0
-1.1800515991613767,-2.52390123335951,7,0
-1.2993482798337073,-0.280711163896574,5,0
0.3124052659138403,1.1572315077048823,3,1
-0.9676216802997822,0.3042014067069915,9,0
-1.735045946120835,2.082773732225507,6,1
-0.4082052460824914,-0.6228745678572223,9,0
2.112352448541017,0.421141927796617,9,1
-0.5140846406207346,-1.3021998925839484,4,0
1.4460866399034185,-0.2276417255904431,0,1
0.04262630564953984,0.8711191085831345,0,1
0.5508824858639704,0.05993551115688796,7,1
0.971951495041395,-0.7571730850495866,5,1
-0.8485537366469762,1.8674512650998742,3,1
0.41027667328078904,-0.03674952485880206,8,1
-0.4940849717659153,1.0733804401424545,2,1
-0.18328367311260257,-0.7083969742624476,8,0
-1.096600278657347,-2.631363722204085,6,0
-0.38248696339310123,-0.842951197064213,4,0
0.2934682397124412,0.6226836146330917,9,1
-0.08955468642536901,-0.7269034537389921,8,0
1.1219906421215657,-1.446569379728858,8,0
1.3474858144329742,-0.3873271709033482,0,1
-0.26376512506772465,-2.0333090084330254,3,0
-1.56074456962139,-2.179036535426848,4,0
-0.2967921474237878,-0.20753210872841305,1,0
-0.5414388786489905,-0.6472733557771772,0,0
-0.6740995413922211,0.7343839266994886,0,1
1.3349339967559772,0.1290590051876667,5,1
-0.9591752286671542,0.8049468616916251,7,0
-0.294437689111879,0.8675104717171165,9,1
0.07455069559608901,0.12465206330462066,8,1
-1.9801579947962586,1.35322296718818,4,0
-0.4616903887816368,0.9546346385583238,0,1
-0.5627973362125253,-1.207406610910699,0,0
2.133901728340627,-0.37126866358656635,2,1
1.37692288110765,0.9666793989818938,3,1
-0.20852842594685814,-1.038733753046314,7,0
0.22491241621185767,0.05309050486261831,9,1
-1.0859417377051412,-0.9045396685279381,2,0
0.03245506300333239,0.7282526625338976,7,1
-0.6458890464434324,-0.20990619137160477,2,0
-0.16160336017436255,-1.3586277328173948,2,0
0.3217309333153101,-1.3684433580084934,5,0
0.17683856458826863,-0.5248686095890205,3,0
-1.6965464986166792,1.482223213881438,4,0
0.17587229134498003,0.6989505157610167,6,1
1.331264370749084,0.41531095278131963,4,1
0.42447269743549465,0.5146590318754042,6,1
1.5311065393874208,1.3676283557610651,6,1
1.8172746742303252,-0.32744991999473605,2,1
2.1043579043257092,-1.0569839382930821,5,1
0.9023295010888173,0.17386661287739705,1,1
0.4681814336322308,-1.087769960603647,3,0
0.3564162431719331,-0.05554073811867001,8,1
-0.49817345075820935,2.07843581378024,9,1
-0.004723625498099833,0.6981172830015472,3,1
-0.8940583361761048,-1.4103606117432883,8,0
-0.3987765810367571,-0.6347656685748131,2,0
-0.4847366457998959,1.6778952646173333,5,1
0.40746620253178634,-0.7258249322208798,3,0
0.651845388654707,1.4216589795080208,9,1
1.0485062686329538,0.30734253386959826,1,1
-1.220128847821104,0.415358936035473,1,0
0.3565770900998656,-2.2836951297186783,2,0
-1.4928839723453913,1.810574837279243,0,1
-0.9733229178347508,-1.2146127790275314,4,0
0.9626405889372414,-0.0939747907394149,7,1
-0.667612984084451,-1.044528101770891,9,0
1.4008427782349058,-0.49478109541098086,6,1
1.3436438295075597,-0.6805934526675004,5,1
-0.7348644071356575,0.15453120820194027,1,0
0.7627177025069024,-0.6599147333803109,7,1
0.06498167889792894,0.39485292366069774,4,1
0.4101528443656982,0.3105233507809212,0,1
0.14737064683966852,1.2665003503694903,8,1
1.7213242514802476,-1.6344650009244324,8,1
0.9620956473372756,-0.07087857261814864,1,1
0.6966646985687923,-0.740123750768452,7,0
-0.17102340146416814,-0.4655044327054053,4,0
-0.2812872664477846,0.03808221687696297,8,0
0.2316572735401143,-0.4970841914285826,2,0
-0.6761636080074006,-2.402288521509656,9,0
-1.7964700376505518,-0.2558464757222073,1,0
-1.7078318283352933,0.7154487175080645,5,0
-0.8726307007221848,0.3441001620452566,2,0
0.38227194728597924,-0.23992766732998264,4,1
0.6181614911383919,1.5408672024111953,3,1
1.2977188634702537,-1.8710779411029856,4,0
-1.3875661195528044,-0.9163217046298469,0,0
0.25298292448662,0.9382345921210062,8,1
0.2560749129978308,-1.3096765813661186,8,0
2.0069437693463907,-0.8149341661608418,3,1
-0.8356862881206761,1.0257889667681328,4,1
0.20291693883097994,0.7501632508571523,1,1
0.5796923847352256,-0.4344673518018169,5,1
1.4732757275140447,-0.9666751569520392,7,1
0.621116985798691,-1.0044898185731537,6,0
0.9593360870277254,-1.6601128088517292,2,0
1.7605052891132567,0.5654510878003286,4,1
-0.6131632135318624,-1.4217071580604346,1,0
-0.8737061791817711,-1.1754953589232275,9,0
-3.021779149364541,0.2694634389788131,9,0
-0.5375519189886585,2.348217993233731,6,1
1.1533616021283724,-1.9774219054767868,7,0
0.8573581949781512,0.8502304555245841,6,1
-0.09821082474091059,-1.2940955098325893,9,0
1.3157646830626806,-1.5799768053105985,7,0
0.982032334754602,0.5632699945962674,3,1
1.1170199388686395,-0.30324764141741145,6,1
0.3446535071219415,0.710151256354259,7,1
1.3243508174784713,0.7250480998370988,8,1
1.69065270573528,-0.665682377369613,7,1
-0.7084046466923188,1.2678691663761723,5,1
-0.4324218286420587,-0.6569601768087512,3,0
-1.0517617064061842,-0.05571210446466121,6,0
-1.8454840287687007,-0.34347361914815616,6,0
-1.7772860893781366,0.5151869560920872,3,0
0.5073652843449009,-2.297132639446436,4,0
-0.13870075820335911,0.2501548478744325,4,1
0.892502007171163,-0.9814496019787748,0,0
0.4579079767559044,-1.3357798192210575,8,0
0.15205374993008616,0.29240231089174396,5,1
-0.48767247331385016,-0.818809006973648,1,0
0.06348432524971992,-0.9332879986315803,4,0
-2.0829725289740018,-0.00433883800425415,6,0
1.4914835700825715,0.6256563047683215,6,1
1.333064009475074,-0.5756272913701919,0,1
0.5181055619775936,-0.840855337968813,3,0
1.8955395484710176,0.7604648419780203,8,1
1.0330319724384496,-1.4804256102642148,0,0
0.3746271278521401,-0.20251439257965081,1,1
0.46933125624429933,-1.719445543435076,8,0
-0.6329300104599898,1.7006597282217335,8,1
-0.4235993934522136,-0.5915316837708626,9,0
-0.7680654612440144,0.34037393932908866,0,0
-0.5377441325702843,-0.5437864684251068,9,0
0.8836985487641577,1.4921881285766039,7,1
0.2337193271263972,0.2953196701706158,7,1
2.5547946714872682,-0.9450834234575233,1,1
-1.0660128040798995,-1.2518729600439307,3,0
1.7663716046687385,0.4031689180143786,6,1
0.7819662513626005,0.26064228938754386,7,1
0.5128571994021336,-1.5672167899964107,2,0
-0.02166356184879425,-0.566036548614323,1,0
0.37649297777072144,-0.5922958849334948,7,0
0.16408281372769262,0.38286109045970274,6,1
0.6996136977616229,-1.5807673653020615,4,0
-1.4930877638756102,-0.2970613382477302,9,0
-1.1954847796073582,-0.41792862522351315,3,0
0.014579646671585686,0.27062827455969213,4,1
0.915665660014035,-1.1887218511304691,1,0
0.07373251418502534,-0.03890245731772646,8,1
-0.22085311474326133,0.3704747317866642,0,1
-1.746878702114672,0.7850179935933439,1,0
1.1074399194978575,0.9128862651763874,2,1
1.077074948665384,1.1104548218099939,5,1
-0.6807949239510518,-1.4506192670936398,1,0
0.3487725966889665,0.9237627144196905,4,1
-0.5591498310366959,-0.20607444109409737,2,0
0.3822953579224099,-0.09721967150381271,1,1
0.7470687244966447,0.5885105036120237,0,1
0.4017106048992559,-0.8747583446653308,0,0
-1.1269201372275464,1.8096522546792786,2,1
0.9855631605784116,1.1984445857122945,9,1
0.06696488979850551,2.092578100395515,4,1
0.888798556313818,-2.2085124414676245,1,0
1.7279898794715498,1.2211665525453348,2,1
-1.5051076339840237,-0.246441141333371,6,0
-0.5508247543912164,-0.8042736623134171,1,0
-0.1543020923347666,-1.350091411270513,1,0
-1.249346118297503,0.19370863905530625,6,0
1.047348741851172,-0.21413708291331932,7,1
0.9785676609875763,0.11341311536109946,0,1
0.681519205586545,1.4074520553896466,0,1
-1.5307210025694638,-1.823940000658889,3,0
-1.3886145599830042,-1.8011576595691243,1,0
1.4812270342286915,0.13691742093228096,2,1
1.9496127111882282,-0.15412183163017254,6,1
1.3250793167113537,-0.6330693155329494,6,1
-0.24713547320322996,2.541483314246418,2,1
-0.7902749382710936,0.2169848719917948,0,0
-0.4649989945344528,0.1799908163437143,6,0
0.3898982725814737,1.5164959341928,0,1
-0.4623009543266288,-0.28793719743873003,0,0
-0.09188632839531573,1.031858331721406,6,1
-0.27443172630325213,-1.5028862587623208,8,0
0.09381351144048515,-1.1514059427422092,9,0
-0.7847096397140266,-1.8341144304320711,3,0
0.6593978872039282,1.0034782859670623,3,1
-0.2751771550977278,-1.5637876256299732,5,0
0.8299650038802291,-0.1514829532141746,3,1
0.6902262763834993,1.3325979254934348,3,1
0.7063239554592085,-1.4043036481047986,7,0
1.079948144727494,-0.2848352544914916,9,1
0.344202165152941,-0.0846999109037822,5,1
0.09933433880416659,-0.1902924711385378,9,0
-1.2364618554068232,-0.2378250810997954,4,0
0.1259419488020654,-0.26195118804591305,4,0
0.23203443652524294,1.3247973384239484,8,1
0.9508732551331497,0.3762390072487634,4,1
-0.12975823721320007,0.07517464563653595,8,0
-0.3074018892364004,-1.0826971740465883,5,0
0.2053792343424172,0.8362239707947373,8,1
0.6951740102502748,0.12242934522064997,3,1
0.12508023375202162,2.3810819748506096,9,1
-1.2930362609576331,0.6589085008882012,2,0
1.4812271380491993,1.069742843137209,6,1
-1.29740694746789,0.9260136165086064,7,0
1.214540913183956,1.2964792082433898,8,1
-0.3638514805135809,-0.0024370568934333494,7,0
-0.08750346209583133,0.5857083300428618,7,1
2.8831890639185307,0.20335833319198696,4,1
-0.9594305261907062,-0.35066737163386275,2,0
0.5448567767368202,0.7438626727966353,5,1
-0.6141942924071635,0.8936231298878645,8,1
0.17324676153573565,-0.5882996290544198,6,0
0.7812771524482677,-0.30788032502325696,0,1
0.99637038570993,0.35981716817688797,8,1
0.37505850575160155,-0.5019506383415229,5,0
-2.532348201379198,2.1640738701642324,2,0
-0.6910200694780678,-0.31367653380383614,9,0
1.4135630140793018,0.8877724182684729,8,1
0.7314200107675438,0.6525071952972668,2,1
0.41168816253561036,0.5202974698438717,0,1
-0.04433010121614773,0.2538959871300518,5,1
1.0731491197335035,-0.49684227407427434,0,1
1.0995662398647166,0.6929987088975629,2,1
-0.6514170394891682,0.08319497044341555,7,0
-1.0890919728451747,1.4610484370468246,5,1
-1.3171905736164915,0.49292382827034387,2,0
0.9623412596382138,0.29545776290169345,9,1
-1.4223073203937384,-1.1525685265516397,7,0
0.04841337117980599,1.645448150829539,7,1
-0.15157031105430774,0.31938813625102713,0,1
0.13875881516688668,-0.8403129759954656,4,0
0.4086759782894141,0.09481383569063626,6,1
-1.5997205739893694,-0.7111060392723529,1,0
-1.579513139066758,0.22896363053451194,7,0
0.6884655831105669,-0.0529798809239689,5,1
1.6601663039977634,-1.0300800777325307,8,1
0.09269626003227158,-0.7134974159883184,7,0
1.7716800092600524,0.3413578477783188,6,1
-1.25524772655623,0.2817873012705813,5,0
-0.45476400807759054,0.35702865033328474,2,0
0.6846011293317696,-1.0568908019993664,2,0
-0.11533371373637297,-0.9182599022095903,6,0
-0.4668854394932257,-1.2423628381900889,9,0
0.4981925095680104,0.9231290215476037,3,1
0.9090556996027268,-0.751892424399695,5,1
-0.18159528340575992,0.5621498621658817,4,1
-1.275163243016516,-1.174407544806629,4,0
0.6158190481919341,-0.7914465169065209,3,0
-1.5236600269417462,0.33136671040359117,5,0
0.49384710951525085,-0.46464183461922265,1,1
-2.1138350215935335,0.012358268187057117,1,0
-0.7391254090465568,1.106226055866603,9,1
-1.1329971830828733,-0.28817177313726905,7,0
-0.5366142907801361,-0.1510941648477929,8,0
-0.24769381657024064,1.0581207823180152,7,1
-1.0343500501811567,0.31543840601510564,6,0
-0.5044933091304116,0.05876251988520564,1,0
-0.4901643856471735,1.1756898131928792,7,1
0.4595172362777452,-0.4400362641517871,7,1
1.125057813084355,-0.575391605234685,5,1
-0.4443107265951535,-0.5393505462054665,1,0
0.09844428217180355,-0.006198313659898002,3,1
0.7448911758364927,-0.1900053526376744,8,1
1.4269117948905952,0.7132488352385765,5,1
0.04227388318330017,0.19726092523324087,6,1
-1.1887323587171856,1.2035553488779054,6,1
0.3616573110128837,1.4525425024622733,1,1
-0.34473794216996995,-0.3870672597849975,1,0
-0.5225770155705767,1.6975276655781009,6,1
1.5800506010000794,1.1576322275180422,6,1
-0.2391552912628853,0.051910460044776945,6,0
0.30691947960554755,0.7034950108651978,2,1
0.12416476362454656,0.43590531277503924,0,1
-0.28007625281557497,0.8891482957858045,7,1
0.07684997433969483,0.792185129810399,1,1
1.312964942050866,0.3671950584055786,8,1
-1.4008172757151929,-0.1550966352019743,3,0
-1.0446575986760214,-0.33688528650286675,9,0
-0.24206239216804984,0.47740007548571695,9,1
1.2703531753699564,-1.416190683890666,7,0
0.21338943920874043,-0.10789989731853857,8,1
0.11272019513787658,-2.5250839088026513,0,0
-1.2508194566022903,-0.6281995166090981,5,0
1.1290328275369121,0.6916346341731096,2,1
0.08226486047563124,0.528191145405217,1,1
0.2933329168269732,0.1491540818439934,4,1
0.2935549053383864,-0.8703957019298668,9,0
-1.009936150694257,-0.42674723357559646,3,0
0.932648393840229,-1.3237256668662227,8,0
1.3299174477948557,-0.8275929020807253,3,1
-0.8363187575132798,0.10498433311400704,0,0
0.40712190842080476,-0.73189276619313,2,0
1.4716346600111556,-1.0966390231800163,6,1
-1.130134744947301,-0.9531189125175347,8,0
0.9325206402872915,-0.2871196408132146,6,1
1.1064964778108564,0.5451534143044725,6,1
0.3244095559071519,-0.2517788318226663,5,1
1.367165805769015,1.7872673573552758,1,1
-0.4380799897565526,0.6204289770143957,6,1
-0.34729868591110685,-0.43432549974702317,5,0
-1.0586277077782447,1.8535121892614224,1,1
-0.9035981400501968,0.5715624849465633,8,0
-0.4184797316209588,0.45128498239478326,8,1
1.6417921325108715,1.1287030717509905,4,1
1.2029996559857423,-0.8864619565660833,2,1
-0.8075660639769309,1.4264838152851134,6,1
-2.036408893111763,0.2359796403681805,6,0
-2.684931090813112,-0.07146708576264832,0,0
1.6003760676227436,2.5542108052395305,8,1
-1.1809734588597725,-0.06679324135790357,3,0
-1.5664552681896196,0.48019740839879904,4,0
1.5885107858812892,0.5678601846911528,1,1
2.4631947917498866,1.3061563179777826,2,1
-0.3941151438634821,-0.37350692365986465,6,0
0.20260784771087895,0.6346115383118593,9,1
0.012233954396704345,0.4952791669177715,6,1
1.2124614224026036,1.3508360137195345,5,1
1.0203863956837547,-2.037383234017519,0,0
0.038372031928896266,-2.168174158887898,6,0
0.505775967379213,-0.06312885519416345,9,1
-1.1406354581571796,-1.3437807613255353,8,0
1.5534300554624667,-1.0344317030807757,2,1
-1.0852502123639547,-1.4311048827568187,2,0
-0.47572592719011747,1.3708047554193397,6,1
-2.169591003080645,0.10486559035020258,7,0
1.2844743890375399,1.5054408250180946,9,1
-1.31421025849413,-0.25143643927405684,1,0
1.175358942745198,0.14405552531055296,1,1
-0.23940421963183664,0.01909818348169485,7,0
0.35114338135453926,-1.8985587877083734,7,0
2.12758845619069,0.33304729202086664,1,1
0.6249815872662872,-0.5133444009150643,6,1
1.6251902835313412,0.17939827736582398,8,1
0.18744765441538985,-0.8030137263503097,1,0
0.7019586742948308,1.0266567370586748,7,1
-1.2794269625434218,-0.36378559337267463,4,0
-0.39130532706066734,0.6723720955277559,9,1
0.20819733190585,-0.5685328402580149,7,0
1.1042698912397089,-0.1762022588976456,2,1
-0.33117550947407787,-0.2975830655706096,2,0
0.46207428501046915,-1.3673940173866903,9,0
0.6433976083664863,-0.9558760289376518,2,0
0.20982290047500798,-0.48163939994989924,7,0
0.004829166595148421,0.651249647981449,9,1
-0.21202904246685916,0.2194143985430207,1,1
-0.2156709246759184,0.792508072605666,2,1
0.24317715567431958,1.0435372307671618,7,1
-0.43169251045860935,-0.4810962596092141,9,0
0.8342974099329751,0.6048125108739153,2,1
0.5935927736368071,0.882583887190217,0,1
-1.5861472663720324,-1.152161651779368,6,0
-0.1251907272231972,-0.02900293557288428,5,0
-1.2223406937843804,0.8628800640149162,3,0
-2.7793016621584865,-0.918598915133267,7,0
1.5344708517891832,0.9677230031319979,3,1
0.24116307453339741,0.37683715031527976,6,1
-0.4431119397722363,0.02503054956781123,0,0
0.9734689792476781,-1.757715606440175,4,0
-1.2085616631001983,1.639803842977755,9,1
0.126136203321621,-0.7168024377766172,1,0
-0.027997249783558602,-0.8753676638402711,9,0
0.1590394695263301,-1.627744096694157,8,0
1.483905176634678,-0.3179842551496793,7,1
1.5957742790081002,1.2101583459815137,3,1
0.829591958876929,1.2352904176428887,6,1
0.05929522905016423,-1.8504858748613253,2,0
0.9374383408274046,0.20442441933091485,2,1
-1.712362106836626,2.555978960504852,9,1
-1.986169998328222,-0.6731262471476678,9,0
-0.6279842871766731,-0.5429470570032793,2,0
0.46414477519512043,-0.5450646443417332,4,0
0.35594984905197574,0.35854035921834265,7,1
0.48744849856813255,0.34525687044868486,8,1
-0.2061723493485987,-0.8787250565118212,8,0
-0.18987449655882188,-0.2580436918410791,2,0
0.4296322182531294,-0.4051957441689071,2,1
-0.6048638722761851,-0.18227601292406334,6,0
0.8338919082875447,0.3163607967314203,3,1
-1.4926995282660716,0.025326560417690797,6,0
1.7252422277634354,0.6584871715065903,7,1
-0.7513291399827081,-2.0250316192219042,1,0
0.909486678224278,-1.083350210692158,3,0
0.004381283598532236,-1.462815899608659,9,0
0.2806446197711513,1.9685916851015761,3,1
-1.0268945313609932,0.244505914962834,7,0
-1.21043810507552,-0.8211894688291492,9,0
1.6837578116457086,0.34134770432820627,5,1
-0.13022368325992814,0.054990118336049096,3,0
-0.9924827909890629,-0.6869637250665667,2,0
0.12366546105361322,-0.8552997600896616,8,0
-0.035460246009001814,0.6000784496031021,2,1
0.010703654980896064,0.5436373993794766,8,1
0.4210154169914693,0.30652682946188053,7,1
1.9914125624956382,0.38021991862291316,6,1
0.856840184530972,-1.28158405777621,9,0
1.960322628787143,0.9439484876065162,4,1
0.9654181777950105,1.3126546650975337,1,1
-0.6896742147539523,0.653325181790466,9,0
-0.878841067270661,-1.3630156289788842,3,0
0.49450315813677054,0.10104786517372945,5,1
1.0404626629521259,0.25403424727467167,5,1
2.0288416883123648,-0.28061300937136036,1,1
0.5553208297342587,-0.8347633109154958,6,0
1.6565016233444632,0.7006612390677514,7,1
0.6138954147244047,-0.22402518624669587,1,1
-1.9149253474304089,1.1266101271502875,0,0
-0.37813356861044584,-0.6771154540113049,5,0
1.3643878015457251,0.7930903246085669,3,1
0.015198849530461245,-0.3119275820269918,1,0
1.3871913558284235,-1.2939142669667432,7,1
0.7038635590710429,0.35898622578079026,4,1
0.17069267631645793,-1.2703652102224088,8,0
-1.390850568911529,0.9478842355267477,1,0
-0.05316516261663761,1.2676461296163566,5,1
-0.1599853844884475,1.0659179827653091,0,1
0.2023126191254676,0.8117406868117732,4,1
0.5901350630593812,0.19812084430551083,6,1
-1.20766954758331,-0.14099030729135398,7,0
0.6216050194617958,-0.12859531250021597,3,1
1.5690119178775177,-0.5906301448616377,6,1
1.7536820012428314,2.7949016349314935,5,1
0.7905233860877028,0.7971856519078664,2,1
0.08914688704438978,0.31643448379641653,3,1
0.008054218000464398,-0.6322530100986675,1,0
-1.0821965437454413,0.8196499981453822,5,0
-2.226166762168907,-2.1845536519619366,0,0
-2.1639795476144124,-0.46571287761910574,6,0
-0.1834860641832326,1.6742320058930966,5,1
-1.4772301211491312,-0.5872559416392105,2,0
0.2421746797526701,-0.23321852292511489,1,1
-0.9661085341745198,-1.9626325978389088,2,0
1.4983996098575294,-1.474362906659008,9,1
0.09941910309208679,1.758528913336119,0,1
0.13557762830589762,-0.4577090027730262,2,0
-0.3106428406067066,1.3695889200057003,9,1
2.733036619401963,0.31365124361885693,7,1
-0.6346238138399515,0.3974033688198026,3,0
-1.6713435820138882,1.0867448835663693,6,0
-0.469769135385579,-0.07895295584687069,7,0
-1.6991486233888728,-1.050593534939529,1,0
1.3006379420551495,0.6962453494876024,2,1
0.027124000526244852,0.7871757592999213,9,1
0.30809139531633634,0.9563350093833096,6,1
-0.984930130473174,-1.3724276383882208,0,0
0.15480667632433234,-0.6034229548550583,4,0
1.4633977005018033,0.797066494898609,0,1
-0.8336361537328879,-0.2697459605482487,0,0
0.06464559610310415,-1.9817347013625206,5,0
-1.460593379798942,0.8895873304747567,3,0
-0.8629706005979663,-0.4677067828794087,8,0
-1.8223334680400742,-0.7330295659256836,5,0
-0.5356447919820881,0.15873617765240614,7,0
-0.6832481254637159,0.911909505712515,8,1
-1.3964406330573773,-0.22724471749422415,8,0
0.20334567390581448,0.4535210233690348,5,1
0.21213309277949635,0.7310025821677625,2,1
-0.9868417063889678,-0.021005954204835923,4,0
-0.40016763318450776,-1.6613380531822421,2,0
-0.3477101668292963,-1.8991479502045874,1,0
0.3697948959168872,1.3286666685942257,0,1
1.8048164868497254,-2.434922925327819,5,0
1.7836126270482906,1.1504869342355166,9,1
0.036295536893406415,-1.1775049598134546,5,0
0.6949837942266253,0.7552190914595882,5,1
-0.4877634799911729,1.4900837245236367,2,1
0.17713379026495768,-0.49210375330755624,9,0
0.7748418897201144,0.5668950592098623,8,1
-0.9006914087411906,0.8861169195828786,2,0
1.7671068266926948,-0.058390183388670906,1,1
0.006016257380807805,0.7551409002046431,3,1
1.7205098626890025,1.0108487346846913,7,1
-1.101759322900472,-0.28269683876645224,4,0
-0.5839251034204553,1.9170558440533987,5,1
1.9600741207527717,-0.32322877380255294,9,1
0.7191230015608275,0.9189937844315308,5,1
0.1093442627735934,0.16924400689703017,2,1
-0.04306462398660404,0.34351076941625003,7,1
0.8842616795964956,-1.1086877538600675,8,0
0.5444202613930039,-0.9117711860478641,3,0
0.39193799439365157,-1.0514462108231173,2,0
0.11603797939880935,1.3511268688296594,4,1
2.062072345257715,0.34510607699807094,2,1
0.17542840958999997,0.9564530745689548,9,1
-0.2554822156333549,0.1647529713181857,8,0
-2.5104546123156455,-0.582571541247556,9,0
-0.6483825459101112,2.526347213414982,6,1
-0.4686785235616677,0.3780882856269178,3,0
-0.9942501562820556,0.01048573075364967,2,0
0.8992908425519577,-0.06357911615320494,0,1
0.05602066823786186,0.015259403678001942,6,1
0.5057335424203268,-0.5796339750347151,4,0
-0.36837518206267605,0.7950223831581896,0,1
0.5789208563654223,-2.8969029297444955,1,0
0.56569599600607,0.47985958496272185,0,1
-0.8176474621239156,-0.42795082354550706,4,0
0.033259519201533895,-0.20426866133624466,4,0
0.4120245848140985,-1.0507554410782298,1,0
-0.9465620842819217,-1.5739575326505473,4,0
-0.03965997283879218,-1.3602760841010897,6,0
-0.7899848221861749,-0.22635131835434036,2,0
1.2332026395508557,0.22138048522830706,5,1
-1.4444405459737197,0.7539994776812688,4,0
1.1885704996046271,-0.7765761670715449,6,1
0.6230330728157775,1.6686662321897117,8,1
0.20151263747414477,2.2980876335854585,8,1
-0.7459544459371482,0.5014245869421673,1,0
0.6371818298482841,1.5161907994736756,0,1
1.2240859196782272,-0.8991860741471465,0,1
0.23809393780207072,-0.9337547656725101,5,0
-0.22189342374440046,0.52272580607066,3,1
-0.7609546575384731,-0.30554739533638725,1,0
-1.2649103455147273,1.3009595636038407,1,1
0.42202088129098814,0.47554456437254256,8,1
-0.26039166609812625,-1.0269690146530286,6,0
-0.42562959797854705,-1.1489553709821256,0,0
-0.5688226673680935,-0.3150383583409059,8,0
2.2072179420345823,0.7760302433149866,1,1
-1.2524945054818104,-1.3787911941127067,2,0
0.7827957673991172,0.28213261091408864,2,1
-1.1249685707829,0.7030502935723728,0,0
0.5151408036279392,0.43493217927091055,3,1
0.4410492214845566,-1.7610154557871687,3,0
1.6117378294544213,1.0819515927247423,8,1
-0.43326358530135783,-0.6149166510791048,3,0
-2.146131247612573,-1.069306613619453,4,0
-0.5580529994451251,0.44282128892236516,4,0
-0.08087693495631662,0.23234084832469792,7,1
-0.3999141344134546,-1.2711683756699614,1,0
-0.7347450918195234,0.25884710864046984,4,0
0.7705577374933208,-0.46228966269417593,6,1
0.9165941924663253,-1.5231639057784143,7,0
0.7263726899548539,-0.8733015292001822,4,0
-0.5494896181798139,0.2208828098057312,0,0
0.0332974758538165,0.07901289651747966,0,1
-0.7931740777440057,-1.2870287916915437,4,0
0.25986061391300785,0.19193921274006454,6,1
-0.31776213235002115,-0.5584987155589353,8,0
-1.3804235634416528,-0.7776258127913742,3,0
0.08265612927170493,1.392037721540287,5,1
-0.20594469230645518,-0.5626269568644731,8,0
0.009939872298780805,1.1114102600184996,0,1
-0.40820379748637275,0.6779953500620614,6,1
0.19914728399711404,-2.2724084117369725,4,0
-0.9579689737023954,-0.34190882056292893,8,0
1.1677784556074229,0.783789526392215,7,1
-2.2936820760329,-1.6337437757714623,4,0
0.01905278638103884,0.20719460594299766,0,1
-0.5021790031082546,0.7528160402004512,9,1
-1.7757433806492184,-0.4014406189030129,2,0
0.22052991886834888,-1.0740452227174204,5,0
-0.19921063976094794,-0.8297619045818183,1,0
2.8358401168956715,-0.6032030811200161,0,1
0.2733415882766362,-0.2744872543174087,9,0
-0.07699993074209517,-1.6539568686100863,4,0
-1.0479761606353821,1.002298541732197,8,0
1.4591359816324025,-0.4902686565778168,8,1
0.44820352705282324,0.14585514629441032,4,1
0.8056956594539859,-0.06538628497907126,9,1
-0.5211506490517424,0.1962919784343001,5,0
-0.5522906598008709,0.16020874056722068,3,0
0.8783923620180559,-0.3284385049653528,0,1
0.16841801440424098,-0.2656130918028573,2,0
-0.4459955937697503,0.5317086721757364,5,1
0.523754546054928,0.9278087779510903,7,1
1.3619061855902346,1.3035471509183099,4,1
0.6434816198401803,0.16914296630320208,1,1
1.6302690203435635,-0.18358479139247877,2,1
-0.053668591944667,0.4935732820178102,6,1
1.5323016087270716,-0.21151966622790855,5,1
-0.12198736993480602,-0.39248620636268133,1,0
0.41056783944111747,1.1791877869531735,5,1
0.8138330445615123,-0.8912181325122881,6,0
0.18520132339833612,0.7708457151590725,4,1
-1.1042126294576529,-0.15444739725942128,6,0
-1.0347332416892179,-0.38212105398352714,4,0
-0.04493991247291001,-0.6587841556613259,6,0
-0.6088246255154137,-0.9712398116805093,6,0
-1.1202592168058212,-0.17809477147806313,1,0
1.3701240626483615,1.335232873074979,3,1
-0.5344666425669898,-1.7325996025355888,5,0
0.6693343501874081,3.0348619240681245,5,1
1.614967632811048,-0.04251564400291511,3,1
-1.512653501015103,0.4101433186503997,1,0
0.15860110634784505,0.3351275399984166,9,1
0.1662683588966803,0.19625870363619402,8,1
0.4991472344082669,-1.071732543816692,0,0
-0.5756848460987019,-0.5793102876664661,4,0
-0.006752443024335066,-0.5008330630241886,5,0
0.4557394426934083,-0.37639034671141114,3,1
1.6447099030102743,-0.08389127473020358,6,1
0.7092500330656424,3.4187543031099334,7,1
0.945592743542733,1.0206096323375986,3,1
-0.9904465060885972,0.6037980749473384,0,0
0.25721243203437694,0.3999291105886385,3,1
0.41691589618206043,-1.8896861605839137,8,0
0.7486472251957439,1.3307512714590135,0,1
0.2872631899974848,0.17708016259009085,7,1
0.47592253404739315,0.06926040199143854,1,1
0.07754092330589543,0.6927542525882373,9,1
0.5524236538856646,0.4573981877842465,5,1
-0.5801983103698678,-0.7558792630909926,3,0
0.6378858051721018,0.6468389727886533,8,1
0.9707690493784462,0.6009909266691746,6,1
0.2877513232523752,1.3024686218573476,3,1
0.7855112508316061,-0.2982819361457435,1,1
-0.2306497599198869,0.7941131972539817,0,1
0.2029779191609648,1.9596374543722823,1,1
-0.12511888741026694,-2.4220480501766777,8,0
-1.0763289515477057,1.0154912862153347,5,0
0.47725444904260117,0.24445566481228742,6,1
0.6145801771484399,-0.898314231772416,2,0
-0.018604390094899316,0.9829014090829908,7,1
0.17762740161912188,-0.1676425008471925,2,1
-1.3292119021451487,-2.1075880252049766,7,0
0.2272656053453505,0.7781630951685302,2,1
-0.15295406073765774,2.1394718972080593,6,1
0.5533226219481479,-1.367824386578791,1,0
0.21952645942280316,-0.8484894913413522,1,0
-0.5364478949412471,-0.027494973195740166,0,0
-2.008963554852997,-0.13221647725801208,2,0
0.009456438393800547,-0.6609060880558296,3,0
0.9837519516907353,-0.4230595294816757,1,1
-0.5761266569627784,1.150503312133476,0,1
1.75551073753842,-0.5997116785107336,9,1
-0.7941712594864168,0.25442996458832,0,0
-0.2567621195021013,0.5645756632857075,7,1
1.1219621311352168,-0.08760988282764623,4,1
0.871051054119151,-0.41933221414102057,1,1
0.7739943249462025,-0.4683139361253271,4,1
-1.5022771212494441,-2.238891064067386,9,0
-2.8638480805503654,0.801455008954196,5,0
0.4287268005503586,-1.1327344426704582,7,0
0.9654222194751773,1.2691639951000577,6,1
0.39530584168951716,1.3788270634483593,2,1
0.28856314119397886,0.897637933927045,5,1
0.37642404854674216,0.21657006252819747,7,1
0.43894565161584703,0.3161549485866949,4,1
-1.0017544413175286,-0.5874208950468004,1,0
-0.4841329591449056,-1.624304434794636,0,0
-1.35219666770115,-0.31025887051523815,2,0
-1.5413771939953218,0.21765746333463346,5,0
-0.10947261114307086,0.88650794779165,2,1
0.5101204699466825,1.2906938650145034,0,1
-0.10107342474680378,0.3383577046491053,0,1
-0.5683403602041671,-1.0168367058761472,7,0
0.24211756776247773,-0.6950438594001981,2,0
0.10058487654957136,-0.05172090586668161,6,1
-0.16384646661636096,0.21486828050248338,2,1
0.7064167982424122,-0.49930257773747605,7,1
-1.4488263787456976,-1.2800664206384293,2,0
0.41449876339501884,2.383498032096495,7,1
0.28257312689532643,0.33858436165715505,5,1
-0.9716991321355622,-0.48759718737551644,4,0
0.0917641313381729,-0.2575542379479,0,0
0.6135611152218381,-1.9923128482532306,0,0
-0.3416731218419228,-0.4930052806052928,2,0
-1.3318412723405757,-0.6494621629871139,4,0
-0.7124081568559556,-0.22360610924070282,2,0
-0.16081611885649177,0.020703301440478807,5,0
-0.8244978348574716,1.3723953324801315,0,1
0.9470455856426047,-0.7120009655454594,5,1
-1.3651571474373634,0.862791457038585,5,0
-0.3018827209956328,1.1818795055225935,6,1
1.4861340746272207,-0.08713267609668524,1,1
-0.7169846979224487,-0.53875919930841,9,0
-0.9129985314234794,-1.080052623546598,6,0
-1.2734463603416282,0.03592264461818919,5,0
-0.011734402361869579,-1.21411140015029,8,0
-0.3758354302158854,-0.44801994527381483,4,0
2.173284844399017,-1.5836149000090525,6,1
-0.3714663289787242,0.31928377978693895,8,0
0.8044627687276934,0.4593910796289491,9,1
0.7457348824646278,1.4555881407532885,7,1
-0.9836885548455001,0.524925545359138,9,0
1.3586282572629518,0.09301404259954908,7,1
1.9409384646687091,1.1997026833593243,7,1
-0.7263517868962279,0.362487077828854,9,0
1.168371041870817,2.3106748901102803,7,1
-1.690605114533467,0.6021314325278057,4,0
1.172806392200942,0.2839686009785651,0,1
1.1332185778769186,-2.8535425428914247,4,0
0.8208538107103971,0.30273802487919904,6,1
0.6489043583806814,0.5315303218295571,2,1
0.3601072069833405,0.0386140377641362,6,1
0.4760497757526445,2.9680549814341894,1,1
0.9966613491318207,-1.7633205347084555,3,0
-0.4207830426013977,-0.7884815649314248,9,0
1.4890473774052277,-1.5898935953965623,2,0
-1.497143554141518,-0.05044597493021156,3,0
-0.09666327786067719,-0.2827311870295808,9,0
0.030473920326956613,0.7355515234859681,5,1
1.7556632697969492,0.5530535413749919,2,1
-1.0620776069827702,0.12471404556172558,0,0
0.3516413952352994,-1.1648119558527301,9,0
-0.6042435162553348,-0.5453223139972133,4,0
-1.455000573501786,-0.24479419556315207,0,0
0.1946189575569601,0.7678387259966297,1,1
0.2726489861956713,-0.8471746515398135,0,0
0.9678263721734008,0.04105269330670444,2,1
0.6572873755698408,3.4302324726962286,1,1
-0.0981602481166982,-0.07352939371097021,6,0
-1.1539984620489017,0.22970272690013374,1,0
-0.8806106181313424,0.29455045178123357,3,0
-0.6709872632630717,1.139110986541193,1,1
0.028988709660768514,-0.21072662484946508,7,0
0.6402327436421592,0.44383850868018093,8,1
1.363839991227842,-0.13492855491682473,7,1
0.07972227311575852,-0.28541596466292235,9,0
-0.6188930156963359,-0.14103558380625195,4,0
-0.14508163251553124,0.9848353253697125,0,1
0.37444757681952523,-0.10437201881178135,3,1
-0.2675965131968593,1.8276409366524473,8,1
-0.17729211853940344,0.002277063329140684,8,0
0.9510232522829308,0.12211610672868552,0,1
-1.180943066302293,-0.9101561215669174,6,0
-0.01573955083974929,0.9077971289598511,4,1
1.6480098938526275,-0.3070674987305619,5,1
0.6057025609588464,0.9005268634832694,2,1
0.6728842448131399,-0.6621395206441657,5,1
-0.049028231572132014,0.826542745678999,0,1
0.1839080895272734,-1.478046702731345,0,0
-0.08207876529778768,-0.07833279600264612,2,0
1.2430962408557302,-0.7334686791625289,7,1
-0.7049614725277893,1.0410023191444162,3,1
0.7380804587420029,0.411892646991601,8,1
-0.19487346392797364,-2.0557136145626527,2,0
-0.2293384401828987,0.24735733012815533,9,1
0.0378269642773765,-1.055309428719748,9,0
-1.2612259751622834,0.040707469387011815,8,0
-0.8787292595348977,0.2602964176660546,1,0
1.9170042399672764,0.6308268571783908,0,1
0.21884087811583136,1.3376635433767696,4,1
-0.43300305450341753,0.5257617963396312,7,1
0.1919417699832898,0.19350897543458692,9,1
0.8870631824470936,-0.6831954133478514,1,1
-0.14609847798533807,0.06415661571753806,9,0
-0.33574684999486926,1.3843554507787892,9,1
-0.6776764953781728,0.6067206750580812,5,0
0.3519055309428448,-0.5429617415652573,2,0
0.08876295543274297,-0.8456638784263505,1,0
0.18421404877936579,-0.3842695609834416,7,0
-0.7386604565279917,0.21262935957992565,2,0
0.62681861295116,1.6771847703186153,5,1
0.6632815464916401,-0.7568970404484324,1,0
-0.9068131200486749,1.0048342532283272,2,1
0.7219316865375484,-0.2653624712730241,1,1
-3.258743757473071,-0.28862952504643286,0,0
-2.457157514453371,1.2701061656763144,4,0
-1.1742919172927104,0.8878407143208595,1,0
0.37653292316325526,-0.05779839101000721,9,1
1.0153060753593635,0.6784019877422086,3,1
-1.1900018925115563,-0.5735490393889653,3,0
0.31401788409042697,1.1916052985484475,4,1
-1.5176527050699988,-2.028224531284535,7,0
0.4603631599059156,0.3222726632489997,2,1
1.3307995744123737,0.34723250640645786,9,1
0.9193259997222516,-0.006321736034525838,1,1
-0.2012638642454438,-1.0496827739476566,3,0
0.2281327232000487,-1.28789028832039,2,0
1.2703182461310645,0.9255706373574208,6,1
-0.8422385078854419,-0.12719172907464474,2,0
0.5015241987648558,-0.6840670703235241,8,0
1.080742858042274,0.5166047712047872,6,1
0.9078909966579971,-0.7151626891944027,0,1
-1.1768231565910119,1.1198397517667742,5,0
1.2154053751929073,1.3515285116687534,6,1
0.6243274153148898,1.27226531700938,4,1
-0.025091120444668675,-0.819415128262982,0,0
-0.10449705330206309,0.4816865701081224,9,1
-0.24352032528381945,0.44742941905108835,8,1
0.15251634002667253,-1.2446407257467802,5,0
0.0713908987345628,-0.4290448571530993,0,0
0.9754132647392293,0.9832113512104897,8,1
0.5735705164101641,1.1778693022856086,5,1
-0.19565451014910773,1.5611995199495856,2,1
-2.7041837447569748,0.6722349151157018,6,0
1.0475852386917341,-0.019221689352270123,1,1
-0.836845665630752,0.37222432131853833,5,0
-1.2338924598149337,-0.44593617472807984,6,0
0.642776804825534,-0.8703462972701826,1,0
-0.6000489782721589,-1.774602088698932,4,0
-0.13903747912493977,2.8555918971918253,0,1
-0.7517579145488142,0.490212998115269,4,0
-0.16035615935057676,1.5031704513365725,1,1
1.0735210704878142,0.26756316726575086,8,1
-0.701616706964759,-0.7362437482386623,4,0
-2.221395360352788,-0.1007355393409623,8,0
-0.48345686665870097,0.3541924296391312,7,0
-1.4519344392274685,-1.3296958538017132,3,0
-1.1194394635462441,1.7220220888711035,9,1
1.6171617672672325,0.9122395756574223,9,1
-0.8626121808418715,-1.5893317593778309,7,0
1.1754314768030005,-2.5885152824602566,4,0
-0.41353521177840014,1.454074927109004,7,1
-0.33401197030537716,-0.33256164343657024,7,0
0.40237678458929726,1.261186673165224,9,1
0.8618173841965212,-1.1221633842861365,9,0
-0.28560637131316574,-0.5851061535292493,2,0
0.11457686414285971,-0.9206527729597099,6,0
-1.2147632404406645,-0.6934885358890619,5,0
0.64543363400407,1.2790689495850331,4,1
0.1494335974569063,0.01298598468149497,0,1
1.2928556741734052,1.6770108289340493,7,1
-1.2596839169115785,-0.23025113366967526,4,0
0.5201298165465335,0.6531754984158181,6,1
-0.542157900222818,1.0540912680311856,2,1
-1.4154255603994697,0.7023621906475539,0,0
-0.22209057135927457,-0.8766791317572932,3,0
-0.9379783497187679,-2.425929683242844,5,0
-2.196323490207399,-1.4891726814206512,4,0
-1.0050353877521532,1.420269790355757,3,1
-0.6459167990922884,0.4947986838012606,5,0
-0.7227962458950317,0.8061693451746836,9,1
1.54458529123378,-2.036861229476364,6,0
1.271251127254993,0.7706882985500816,4,1
-0.027968433935011937,0.8443897078837815,2,1
0.7065545134396972,-0.13161281107655637,7,1
1.8265182193763272,1.047145479055123,0,1
-0.9480304141968747,0.5577804208166265,3,0
1.0555383101725242,-1.083767135518494,9,0
0.8666275075260788,1.4093249182476293,6,1
0.6303124804427428,0.596195599894942,0,1
0.5510530255481614,1.1414735099028135,3,1
-1.785873452641826,0.6885112883744656,2,0
-0.11753662247118361,0.717056324596572,1,1
1.6587395009746966,2.640514526540838,0,1
1.05651308964254,0.2727848556037598,7,1
0.8812289580214078,-2.2501362992664924,2,0
0.18808419645812738,0.013793363527485022,9,1
1.1034368735083866,0.7127344365547348,2,1
0.07696897307673353,0.11006411541091125,5,1
-0.3724320285032316,0.7449905951484557,6,1
-0.26660191269836747,-0.18345936798740642,4,0
0.19546300123763832,1.575038887479058,2,1
-1.160072397880363,-0.9082545048278047,0,0
1.779251139825316,0.7027300889198793,0,1
-0.1277287350993156,0.812991417419589,7,1
-1.1568197866832546,-1.1499046126447232,6,0
1.1072013423892177,-2.5330433604428375,9,0
2.701111169054392,-0.26325150466298886,5,1
1.3561166830748317,-0.8668196997666795,1,1
0.5027009089291985,0.5071380667456311,1,1
-0.250813000655294,-0.07841808757963717,6,0
0.9802173444114206,-1.8570987460713544,9,0
-0.6889211310392972,0.07256877363646222,2,0
-1.031550844652645,2.0219928795662194,9,1
1.104308139182031,-0.4851642511135328,7,1
-1.3947899003815165,-1.151122164356593,5,0
0.101813069886041,0.037652566381053014,9,1
2.2804375220740036,-0.7437119103622973,1,1
1.0103254539614042,0.3195975596643955,4,1
0.10664954472526542,-0.36829324833007143,4,0
-0.8271963667717872,-0.9114746623914275,2,0
1.307531102468861,0.9561600536848641,9,1
-0.44474346439063656,-0.8406241536717376,9,0
-0.8276820229571581,-0.24675075949486355,5,0
0.028338551947454264,0.32370087078822,5,1
0.29368377697853615,-0.20888744987623448,3,1
0.802008169907515,0.4301362256697922,0,1
0.5207482721540868,0.2571529197591855,7,1
0.7359393549786184,0.9122166588226518,2,1
0.1351121363329516,0.25648824856744,1,1
-2.664778376794848,-0.7862605999453611,5,0
1.0666503841328934,-0.1523714608744699,2,1
0.054662898406662726,-0.2916327273852624,9,0
1.0859055954811165,-0.6914784793887513,7,1
1.0872629931987468,-0.9279491527281116,4,1
0.8194103643675265,-1.194745378245426,5,0
-1.110905343926621,-1.4263180374602245,7,0
0.1412408134463504,-2.269617772775199,8,0
-1.2829248628347776,-1.779699225615415,6,0
1.656278907143691,0.6012025748792807,5,1
-0.5946272466330511,-0.4997241018816427,5,0
-0.17429380284301105,-0.35661381285592003,9,0
0.16223562107332573,-1.4709962235368568,1,0
-0.44147211277828663,0.6951175128110142,9,1
0.1482056391623608,-0.04124113134558057,2,1
0.34268793155894534,0.931110717991788,7,1
-0.35314633846602167,-1.1560237073084525,0,0
-0.26562941752860897,1.000216800220083,1,1
0.6806029460030717,0.7689001925618941,2,1
-0.22165110420522252,-1.613218092794153,0,0
0.1510862234358326,0.15211334567939624,7,1
1.0739803898732618,0.4268860319600974,7,1
0.43867167631876147,-0.5282709781213203,0,0
-1.1965658285240222,-0.6902392740375919,6,0
0.6246990961764247,-0.9401600148961943,3,0
0.8399018463289872,-1.5017255946270212,1,0
-2.3721829014754516,-0.23993330863971826,1,0
-0.9499586525674578,-0.2769978227109624,6,0
-0.5325518468598307,0.8101996298604032,0,1
-0.708821695506828,-1.3990969681798477,8,0
-0.7437607886405427,0.11897497830863953,3,0
-1.0018011888199243,-0.3429808844800135,5,0
-0.11144438011770733,0.5321111275158321,2,1
0.5499974545323137,-0.23736731270722627,9,1
1.5650760188773807,-0.36155851152115975,0,1
0.6381896501526101,0.5466930817527014,7,1
